#{"t_start": 1619905634.891071, "env_id": null}
r,l,t
-2,1000,4.9228
-2,1000,9.082885
-2,1000,13.189033
-1,1000,17.346045
-3,1000,21.786097
-2,1000,26.092246
-2,1000,30.623867
-2,1000,35.148921
-3,1000,39.033238
-5,1000,42.981912
0,1000,47.617174
-3,1000,51.988934
-2,1000,56.448248
-2,1000,60.976065
-4,1000,65.490017
-5,1000,69.853865
-4,1000,74.200038
-1,1000,78.592796
-3,1000,82.927833
-3,1000,87.359794
-5,1000,91.804209
-3,1000,97.439781
-2,1000,102.62702
-1,1000,107.605218
-4,1000,112.024003
-2,1000,116.530194
-3,1000,121.440097
-6,1000,126.064525
-3,1000,130.495459
-1,1000,134.968914
-4,1000,139.659946
-11,1000,143.723804
-9,1000,147.443833
-7,1000,152.033086
-2,1000,156.46195
-2,1000,160.619897
-6,1000,164.354882
-3,1000,167.724772
-3,1000,171.109986
-5,1000,174.595848
-5,1000,177.978454
-2,1000,181.475556
-1,1000,184.963885
0,1000,188.332775
-2,1000,191.808631
-2,1000,195.360042
-2,1000,198.726908
-2,1000,202.129136
-1,1000,205.991077
-2,1000,209.834841
-2,1000,213.969772
-5,1000,217.729992
0,1000,221.266072
-2,1000,224.635007
-3,1000,228.040838
-2,1000,231.424836
-2,1000,234.982138
-4,1000,238.309484
-1,1000,241.894851
-1,1000,245.413229
-2,1000,248.75699
-2,1000,252.104221
-3,1000,255.620942
-1,1000,258.998846
0,1000,262.459158
-1,1000,265.856863
-3,1000,269.259597
-3,1000,272.859127
0,1000,276.792748
-2,1000,280.467864
-1,1000,283.825999
-2,1000,287.225833
-3,1000,290.583979
-4,1000,294.017326
-2,1000,297.394352
-1,1000,300.863818
-1,1000,304.41489
0,1000,307.804055
-2,1000,311.18496
-1,1000,314.515331
0,1000,317.902892
-3,1000,321.240965
0,1000,324.570142
-1,1000,327.918879
-1,1000,331.491327
-1,1000,334.912086
-5,1000,338.224975
-2,1000,341.538853
-1,1000,344.884281
-1,1000,348.246265
-1,1000,351.571127
-2,1000,354.931929
-1,1000,358.296088
-1,1000,361.745794
-3,1000,365.264317
-2,1000,368.619657
-2,1000,371.95309
-1,1000,375.324993
-2,1000,378.640015
-3,1000,381.94808
-3,1000,385.277877
-1,1000,388.59895
-1,1000,392.143523
0,1000,395.543822
-2,1000,398.887044
-4,1000,402.230163
-3,1000,405.609121
-5,1000,408.967923
-2,1000,412.314882
-1,1000,415.681077
-2,1000,419.006346
-2,1000,422.562951
-2,1000,426.012149
-1,1000,429.404871
-2,1000,432.768236
-3,1000,436.138006
-1,1000,439.63299
-1,1000,442.949882
-1,1000,446.285888
-1,1000,449.699982
-3,1000,453.321126
-1,1000,456.894933
-3,1000,461.580851
-4,1000,465.749189
-1,1000,469.886916
-2,1000,473.924856
-3,1000,477.754907
-1,1000,481.677194
-3,1000,485.752143
-1,1000,489.829819
-3,1000,493.805031
-1,1000,497.543004
-1,1000,500.854931
-4,1000,504.135065
-3,1000,507.494818
-2,1000,510.888803
-3,1000,514.387324
-1,1000,517.92211
-1,1000,521.211152
-2,1000,524.570561
-2,1000,527.949148
-5,1000,531.233304
-3,1000,534.531978
-3,1000,537.783466
0,1000,541.153739
0,1000,544.597124
-4,1000,547.872316
0,1000,551.21217
0,1000,554.488873
-5,1000,557.78299
-1,1000,561.075779
-6,1000,564.357959
-1,1000,567.66906
-3,1000,571.019854
0,1000,574.474641
-3,1000,577.766095
-1,1000,581.558002
-3,1000,585.325892
-4,1000,588.643091
-3,1000,591.895024
-4,1000,595.193084
-1,1000,598.538848
-3,1000,602.013067
-1,1000,605.389858
-3,1000,608.718267
-1,1000,612.007954
-3,1000,615.347165
-1,1000,618.660968
-2,1000,621.998132
-1,1000,625.263922
-3,1000,628.574966
-1,1000,632.030771
-1,1000,635.433863
-2,1000,638.736115
-1,1000,642.099362
-2,1000,645.442947
-3,1000,648.732728
-3,1000,652.029008
-3,1000,655.335789
-2,1000,658.680974
-4,1000,662.169754
-2,1000,665.501793
-2,1000,668.836125
-3,1000,672.159162
-1,1000,675.52383
-1,1000,678.831797
-1,1000,682.163393
-4,1000,685.51292
0,1000,688.899889
-2,1000,692.400246
-4,1000,695.742915
-2,1000,699.062032
-3,1000,702.397232
-2,1000,705.744435
-2,1000,709.050488
-2,1000,712.357055
-4,1000,715.682163
-1,1000,718.999935
-2,1000,722.539025
-1,1000,725.877059
0,1000,729.241068
-1,1000,732.510801
-1,1000,735.810951
-1,1000,739.138291
-9,1000,742.399427
-2,1000,745.72922
-3,1000,749.089489
0,1000,752.586588
0,1000,755.972027
0,1000,759.268836
-3,1000,762.548099
-2,1000,765.892084
-1,1000,769.289016
-3,1000,772.537284
-2,1000,775.847335
-2,1000,779.143235
-1,1000,782.704728
0,1000,786.033829
-5,1000,789.390776
-2,1000,792.67424
-3,1000,795.994
-2,1000,799.307183
-6,1000,802.600837
-3,1000,805.901905
-1,1000,809.244216
-3,1000,812.783115
-5,1000,816.090154
-3,1000,819.729439
-1,1000,823.0929
-4,1000,826.440085
0,1000,829.771907
-2,1000,833.096064
-5,1000,836.723582
0,1000,840.357819
-4,1000,843.871278
-3,1000,847.173202
-3,1000,850.478207
-2,1000,853.798203
-2,1000,857.114235
-5,1000,860.59504
-4,1000,864.013951
-1,1000,867.347852
-5,1000,870.721731
-3,1000,874.244186
-3,1000,877.554192
-3,1000,880.901933
-3,1000,884.284888
-2,1000,888.240782
-5,1000,891.705165
-3,1000,895.018171
-2,1000,898.295269
-4,1000,901.731967
-4,1000,905.182864
-3,1000,908.499314
-4,1000,911.802943
-4,1000,915.120162
-2,1000,918.450137
-4,1000,921.769936
0,1000,925.118367
-2,1000,928.452345
-1,1000,931.939009
-4,1000,935.360022
-3,1000,938.643196
-2,1000,941.934763
-5,1000,945.283961
-2,1000,948.576179
-3,1000,951.879829
-4,1000,955.169302
-3,1000,958.501931
-3,1000,962.003851
-2,1000,965.373881
-2,1000,968.635328
0,1000,972.002108
-3,1000,975.339848
-4,1000,978.593112
-2,1000,981.880784
-1,1000,985.226269
-2,1000,988.49109
-3,1000,991.975298
-2,1000,995.330264
-1,1000,998.643068
-2,1000,1001.958811
-2,1000,1005.298002
-3,1000,1008.583206
-5,1000,1011.89905
-2,1000,1015.234061
0,1000,1018.558953
-3,1000,1022.027846
-4,1000,1025.408902
-2,1000,1028.715413
-4,1000,1032.068
-5,1000,1035.379841
-2,1000,1038.688499
-3,1000,1041.955948
0,1000,1045.336833
-3,1000,1048.61721
-3,1000,1052.125963
-5,1000,1055.513873
0,1000,1058.8748
-2,1000,1062.172083
-2,1000,1065.496114
-3,1000,1068.805085
-2,1000,1072.106869
-4,1000,1075.406806
-2,1000,1078.720132
-2,1000,1082.239977
-2,1000,1085.604364
-2,1000,1088.899239
-4,1000,1092.241258
-2,1000,1095.558412
-4,1000,1098.907204
-4,1000,1102.233886
-7,1000,1105.52896
-3,1000,1108.828067
-5,1000,1112.673747
1,1000,1117.075833
-5,1000,1120.977041
-4,1000,1124.742993
-3,1000,1128.524838
-2,1000,1132.302333
-2,1000,1136.153391
-2,1000,1139.977189
-2,1000,1143.993997
-2,1000,1147.784491
-1,1000,1151.689886
-1,1000,1155.490527
-1,1000,1159.363109
-2,1000,1163.161533
-3,1000,1166.984397
-1,1000,1170.805372
-2,1000,1174.800271
-1,1000,1178.566835
-1,1000,1182.35672
0,1000,1186.218437
-4,1000,1190.158224
-3,1000,1194.721044
-4,1000,1198.507632
-3,1000,1202.480704
-4,1000,1206.30415
-3,1000,1210.157809
-1,1000,1213.997181
-4,1000,1217.763664
-3,1000,1221.631535
0,1000,1225.415687
-1,1000,1229.233966
-2,1000,1233.28498
-2,1000,1237.073718
-4,1000,1240.877173
-3,1000,1244.689896
-4,1000,1248.599488
-2,1000,1252.361983
-2,1000,1256.208256
-1,1000,1260.075882
-4,1000,1264.101162
-5,1000,1267.980009
-2,1000,1271.74431
-5,1000,1275.633624
-2,1000,1279.427302
-2,1000,1283.209473
-2,1000,1286.996809
-3,1000,1290.890372
-5,1000,1294.896833
-2,1000,1298.662239
-3,1000,1302.54176
-3,1000,1306.386754
-2,1000,1310.212902
-2,1000,1314.03719
-5,1000,1317.81095
0,1000,1321.738481
-2,1000,1325.649496
0,1000,1329.455205
-2,1000,1333.234144
-2,1000,1337.087568
-4,1000,1340.827147
-2,1000,1344.730129
-1,1000,1348.539331
-3,1000,1352.516848
-3,1000,1356.344389
-2,1000,1360.172037
-2,1000,1363.999296
-2,1000,1367.872924
-4,1000,1371.705277
0,1000,1375.531027
-1,1000,1379.319574
-2,1000,1383.369419
-4,1000,1387.133145
-1,1000,1390.950226
-2,1000,1394.74992
-3,1000,1398.618667
-2,1000,1402.425332
-1,1000,1406.224475
-2,1000,1410.021046
-3,1000,1414.117208
-3,1000,1418.197738
-4,1000,1422.036255
-5,1000,1425.844814
-4,1000,1429.645013
-3,1000,1433.595092
-4,1000,1437.393264
-7,1000,1441.269131
-3,1000,1445.198676
0,1000,1449.036632
0,1000,1452.81652
-2,1000,1456.584568
-4,1000,1460.425557
-3,1000,1464.197215
-4,1000,1467.95937
-1,1000,1471.966723
-3,1000,1475.920984
-3,1000,1479.699751
0,1000,1483.530822
-3,1000,1487.304961
-2,1000,1491.100426
-3,1000,1495.069913
-1,1000,1499.553422
-3,1000,1503.566278
-1,1000,1507.313192
-4,1000,1511.112285
-2,1000,1515.017533
-2,1000,1518.874446
-3,1000,1522.664808
-3,1000,1526.537199
-1,1000,1530.436246
-3,1000,1534.4252
-2,1000,1538.197298
-3,1000,1542.001475
-2,1000,1545.784002
-4,1000,1549.527124
-3,1000,1553.358932
-1,1000,1557.288454
-4,1000,1561.189519
-5,1000,1565.117478
-1,1000,1569.010548
0,1000,1572.79708
-3,1000,1576.582741
-1,1000,1580.393872
-2,1000,1584.19078
0,1000,1587.937477
-2,1000,1591.849922
-4,1000,1595.738224
-5,1000,1599.491989
-4,1000,1603.281453
-3,1000,1607.059986
-5,1000,1610.822687
-3,1000,1614.590965
-3,1000,1618.472394
-2,1000,1622.463087
-2,1000,1626.294883
-4,1000,1630.137131
-5,1000,1633.953151
-3,1000,1637.714354
-2,1000,1641.578923
-3,1000,1645.321044
-2,1000,1649.125735
0,1000,1653.150982
-3,1000,1656.988626
-3,1000,1660.793054
-1,1000,1664.549977
-3,1000,1668.347465
-5,1000,1672.106346
-1,1000,1675.915062
-2,1000,1679.685957
-3,1000,1683.735096
-4,1000,1687.494046
-3,1000,1691.271021
-5,1000,1695.047554
-2,1000,1698.821373
-4,1000,1702.627419
-1,1000,1706.493459
-2,1000,1710.30032
-4,1000,1714.349601
-2,1000,1718.303056
-2,1000,1722.151367
-3,1000,1726.002734
-1,1000,1729.798923
-1,1000,1733.59811
1,1000,1737.38425
-4,1000,1741.271923
-1,1000,1745.246727
-2,1000,1749.011922
0,1000,1752.847961
-3,1000,1756.603024
-2,1000,1760.428566
-1,1000,1764.315389
-3,1000,1768.159625
-1,1000,1772.083675
-1,1000,1776.011303
-4,1000,1779.790617
-1,1000,1783.589765
-2,1000,1787.407251
-4,1000,1791.183968
-4,1000,1795.087391
-3,1000,1798.906458
-1,1000,1804.016899
-1,1000,1807.932028
-3,1000,1811.700433
-1,1000,1815.521932
-2,1000,1819.376022
-2,1000,1823.133914
0,1000,1827.014839
-4,1000,1830.851074
-5,1000,1834.786231
-3,1000,1838.579496
-1,1000,1842.456922
-1,1000,1846.344689
-3,1000,1850.149013
-4,1000,1853.982488
-1,1000,1857.801121
-2,1000,1861.688287
-3,1000,1865.578955
-4,1000,1869.46735
-2,1000,1873.26888
0,1000,1877.112301
-4,1000,1881.001995
-1,1000,1884.800122
-1,1000,1888.615265
-2,1000,1892.587071
-4,1000,1896.460399
0,1000,1900.297053
-3,1000,1904.079479
-2,1000,1907.89536
-4,1000,1911.758258
-1,1000,1915.524908
-4,1000,1919.353503
-2,1000,1923.524086
-1,1000,1927.333155
0,1000,1931.128921
0,1000,1934.991898
-3,1000,1938.791167
-2,1000,1942.669579
-3,1000,1946.488215
-1,1000,1950.394181
0,1000,1954.474991
-2,1000,1958.272168
-2,1000,1962.044732
-4,1000,1965.844056
-5,1000,1969.689181
-3,1000,1973.480192
-2,1000,1977.261049
-2,1000,1981.150864
-2,1000,1985.181997
-1,1000,1988.98425
-2,1000,1992.756933
-5,1000,1996.505401
-3,1000,2000.34619
-4,1000,2004.173398
-4,1000,2007.933792
-5,1000,2011.850096
-3,1000,2015.78607
-1,1000,2019.935187
-2,1000,2023.717613
-4,1000,2027.582513
-2,1000,2031.414551
-4,1000,2035.266901
-1,1000,2039.322982
-3,1000,2043.780958
-2,1000,2047.684349
0,1000,2051.483731
0,1000,2055.403397
-5,1000,2059.230873
-4,1000,2063.280286
-3,1000,2067.16559
-4,1000,2071.014054
-7,1000,2074.990014
-1,1000,2078.940023
-3,1000,2082.755494
-5,1000,2086.626904
0,1000,2090.450195
-1,1000,2094.335413
-7,1000,2098.104291
-3,1000,2102.076317
-4,1000,2106.604805
-2,1000,2110.785787
-4,1000,2114.629569
-2,1000,2118.424485
-4,1000,2122.199389
-4,1000,2126.006558
-5,1000,2129.883379
-2,1000,2134.03996
-3,1000,2137.840044
-6,1000,2141.623139
-5,1000,2145.453018
-4,1000,2149.238307
-3,1000,2153.082284
-2,1000,2156.839983
0,1000,2160.740375
-2,1000,2164.765005
-5,1000,2168.595966
-4,1000,2172.41172
-3,1000,2176.214101
-2,1000,2180.140104
-2,1000,2183.935353
-4,1000,2187.775108
-1,1000,2191.723368
-2,1000,2195.698473
-3,1000,2199.45778
0,1000,2203.540588
-2,1000,2207.324033
-1,1000,2211.144542
-2,1000,2214.961791
-1,1000,2218.827297
-4,1000,2222.863258
-4,1000,2226.814606
-1,1000,2230.691469
-1,1000,2234.523458
-2,1000,2238.34915
-3,1000,2242.15038
-4,1000,2245.917986
-6,1000,2249.75411
-4,1000,2253.843015
-2,1000,2257.609055
-2,1000,2261.465349
-1,1000,2265.314004
-2,1000,2269.166497
-5,1000,2272.966243
-1,1000,2276.751163
-3,1000,2280.596161
-2,1000,2284.640426
-2,1000,2288.395048
-1,1000,2292.215532
-3,1000,2296.016049
-3,1000,2299.798918
-2,1000,2303.683246
-6,1000,2307.464082
-2,1000,2311.356236
-2,1000,2315.325144
-4,1000,2319.183108
0,1000,2322.9742
-2,1000,2326.804608
-3,1000,2330.568743
0,1000,2334.45155
-2,1000,2338.380837
-2,1000,2342.421019
-2,1000,2346.348138
-2,1000,2350.114676
-3,1000,2353.928917
-3,1000,2357.714488
-2,1000,2361.547364
0,1000,2365.459382
-3,1000,2369.280369
-2,1000,2373.458458
-3,1000,2377.522216
-2,1000,2381.454318
-6,1000,2385.393484
-1,1000,2389.274048
1,1000,2393.146432
-1,1000,2397.206283
-4,1000,2401.102987
-1,1000,2405.100995
-4,1000,2408.955303
-3,1000,2413.589391
-4,1000,2417.486365
0,1000,2421.314512
-1,1000,2425.067342
-3,1000,2428.918939
-3,1000,2432.94711
-1,1000,2436.970442
-4,1000,2440.78926
-2,1000,2444.595455
-2,1000,2448.42929
-3,1000,2452.403605
-2,1000,2456.196109
-2,1000,2460.113566
-1,1000,2464.195078
-2,1000,2468.040373
-3,1000,2471.830381
-1,1000,2475.587015
-1,1000,2479.374165
-2,1000,2483.230418
-4,1000,2487.039755
-3,1000,2490.896335
-2,1000,2494.840889
-3,1000,2498.627196
-6,1000,2502.423202
-3,1000,2506.287247
-4,1000,2510.059504
-1,1000,2513.960081
-3,1000,2517.743483
-1,1000,2521.720391
-2,1000,2525.631454
-3,1000,2529.426001
-3,1000,2533.213115
-1,1000,2536.983241
-2,1000,2540.786046
-3,1000,2544.586357
-2,1000,2548.41547
-2,1000,2552.42745
0,1000,2556.32808
-5,1000,2560.103424
-4,1000,2563.855114
-3,1000,2567.708992
-4,1000,2571.498827
-1,1000,2575.27116
-2,1000,2579.129047
-3,1000,2583.269835
-1,1000,2587.314665
-3,1000,2591.152169
-5,1000,2594.936483
0,1000,2598.801192
-6,1000,2602.558516
-3,1000,2606.484375
-2,1000,2610.269065
-3,1000,2614.442372
-2,1000,2618.370443
-5,1000,2622.1472
-4,1000,2625.988091
-6,1000,2629.739793
-6,1000,2633.527196
0,1000,2637.478247
-5,1000,2641.434597
-10,1000,2645.30991
-12,1000,2649.129621
-11,1000,2652.867429
-11,1000,2656.602361
-2,1000,2660.401283
-11,1000,2664.165322
-9,1000,2667.906136
-10,1000,2671.794515
-5,1000,2675.72429
-12,1000,2679.412447
-5,1000,2683.197425
-1,1000,2687.093733
-7,1000,2690.874232
-11,1000,2694.586096
-1,1000,2698.533385
-5,1000,2702.501188
0,1000,2706.363362
-2,1000,2710.142594
-6,1000,2713.967354
-2,1000,2718.666715
-2,1000,2722.491727
-2,1000,2726.337275
-3,1000,2730.120461
-5,1000,2734.149296
-4,1000,2738.02003
-2,1000,2741.799425
0,1000,2745.806356
-3,1000,2749.669636
-2,1000,2753.470338
-1,1000,2757.380347
-3,1000,2761.242807
-2,1000,2765.301995
-3,1000,2769.107412
-3,1000,2772.953114
-2,1000,2776.811053
-2,1000,2780.664803
-2,1000,2784.56322
-5,1000,2788.353628
-4,1000,2792.295316
-4,1000,2796.220242
-3,1000,2800.131389
-5,1000,2803.87336
-3,1000,2807.724394
-2,1000,2811.656122
-2,1000,2815.498392
-3,1000,2819.328529
0,1000,2823.364441
-5,1000,2827.254418
-4,1000,2831.057259
-6,1000,2834.82129
-3,1000,2838.655197
-1,1000,2842.468413
-3,1000,2846.405591
-2,1000,2850.225339
-4,1000,2854.302639
0,1000,2858.110398
-2,1000,2861.919669
-4,1000,2865.711535
-2,1000,2869.552417
-6,1000,2873.374211
-4,1000,2877.209813
-3,1000,2881.099072
-3,1000,2885.10346
-1,1000,2888.891362
-1,1000,2892.712236
-1,1000,2896.513223
-1,1000,2900.346217
-2,1000,2904.106174
-1,1000,2908.02503
-1,1000,2912.010178
-2,1000,2915.945199
-2,1000,2920.098225
-2,1000,2924.022535
-3,1000,2927.799453
-3,1000,2931.634677
-4,1000,2935.545539
-2,1000,2939.428231
-3,1000,2943.491592
0,1000,2947.457565
-1,1000,2951.299381
-2,1000,2955.245165
-5,1000,2959.049002
-1,1000,2962.845299
-3,1000,2966.728212
-1,1000,2970.520507
0,1000,2974.808802
-2,1000,2978.63964
-2,1000,2982.4287
-4,1000,2986.236468
-4,1000,2990.12618
-3,1000,2993.926577
-3,1000,2997.733377
-3,1000,3001.759089
-2,1000,3005.737399
-1,1000,3009.570336
-3,1000,3013.337616
-2,1000,3017.148521
-4,1000,3021.456359
-1,1000,3025.684548
0,1000,3029.589491
0,1000,3033.705129
-3,1000,3037.581784
-1,1000,3041.4803
-4,1000,3045.30476
-2,1000,3049.16551
-3,1000,3052.974548
-4,1000,3056.869244
0,1000,3060.776744
-3,1000,3064.787061
-3,1000,3068.59939
-2,1000,3072.504362
-3,1000,3076.263238
-4,1000,3080.043335
-2,1000,3083.808512
-2,1000,3087.586408
-1,1000,3091.476975
0,1000,3095.466598
-6,1000,3099.267483
-3,1000,3103.116224
-4,1000,3106.923226
-2,1000,3110.772262
-3,1000,3114.561157
-2,1000,3118.369392
-1,1000,3122.424547
-4,1000,3126.294225
-1,1000,3130.088929
-5,1000,3133.844651
-1,1000,3137.649338
-3,1000,3141.442283
1,1000,3145.287324
-3,1000,3149.056375
0,1000,3153.103343
-3,1000,3156.92147
-3,1000,3160.665189
2,1000,3164.49049
-3,1000,3168.284402
-3,1000,3172.089307
-2,1000,3175.907563
-4,1000,3179.693475
0,1000,3183.922292
-9,1000,3187.655394
-4,1000,3191.495406
-2,1000,3195.330231
-3,1000,3199.104315
-3,1000,3202.901822
-3,1000,3206.685544
-3,1000,3210.494201
-5,1000,3214.510612
-3,1000,3218.616208
-3,1000,3222.6632
-2,1000,3226.479662
-1,1000,3230.23051
-3,1000,3234.004563
-3,1000,3237.897986
-2,1000,3242.106974
-2,1000,3246.368455
-3,1000,3250.160524
-9,1000,3253.963247
-6,1000,3257.762911
-5,1000,3261.532591
-3,1000,3265.515315
-5,1000,3269.35427
-1,1000,3273.482164
-1,1000,3277.277438
-10,1000,3281.101341
-6,1000,3284.936432
-4,1000,3288.756009
-5,1000,3292.545448
-1,1000,3296.4284
-2,1000,3300.164357
-4,1000,3304.334822
-1,1000,3308.171316
-4,1000,3312.002205
-2,1000,3315.796458
-3,1000,3319.56362
-3,1000,3323.416194
-2,1000,3327.949602
-4,1000,3332.027111
-3,1000,3335.953327
1,1000,3339.827205
-3,1000,3343.649303
-2,1000,3347.514593
-2,1000,3351.316382
0,1000,3355.139342
-4,1000,3358.899413
-1,1000,3362.972363
-5,1000,3366.878902
-1,1000,3370.669444
-2,1000,3374.521252
-3,1000,3378.358361
-1,1000,3382.167565
-1,1000,3386.010259
-1,1000,3389.949347
-4,1000,3394.051156
-4,1000,3397.849578
-2,1000,3401.638859
-2,1000,3405.530384
-3,1000,3409.355488
-2,1000,3413.155419
-2,1000,3416.939323
0,1000,3420.819419
0,1000,3424.866405
-2,1000,3428.655279
-5,1000,3432.555698
-1,1000,3436.386575
-2,1000,3440.186448
-3,1000,3444.023287
-2,1000,3447.815275
-7,1000,3451.681025
-3,1000,3455.643378
-3,1000,3459.398481
-4,1000,3463.163629
-2,1000,3466.944934
-5,1000,3470.713392
-3,1000,3474.507326
-6,1000,3478.295345
-4,1000,3482.23073
-3,1000,3486.086271
-6,1000,3489.946358
-2,1000,3493.819318
-2,1000,3497.57811
-3,1000,3501.356351
-4,1000,3505.124399
-3,1000,3508.912602
-1,1000,3513.047603
0,1000,3517.200399
-2,1000,3521.005369
-2,1000,3524.852446
-3,1000,3528.741632
-4,1000,3532.522421
-2,1000,3536.305394
-1,1000,3540.238297
-3,1000,3544.309849
-3,1000,3548.058468
-4,1000,3551.926532
-3,1000,3555.692553
-4,1000,3559.483298
-1,1000,3563.389398
-1,1000,3567.190527
-4,1000,3571.121559
-1,1000,3575.146255
-1,1000,3579.003163
-2,1000,3583.593349
-4,1000,3587.419461
-2,1000,3591.244867
-3,1000,3595.079551
-1,1000,3599.079286
-3,1000,3603.094169
-3,1000,3607.013381
-4,1000,3610.789429
-1,1000,3614.747779
-2,1000,3618.542387
0,1000,3622.373577
0,1000,3626.176537
-2,1000,3630.306456
-4,1000,3635.15344
-1,1000,3638.971394
-5,1000,3642.757577
-2,1000,3646.587189
-1,1000,3650.470329
-2,1000,3654.248137
-3,1000,3658.047682
-2,1000,3662.036473
-1,1000,3666.027712
-2,1000,3669.812797
-2,1000,3673.579645
0,1000,3677.360555
-2,1000,3681.146528
-2,1000,3685.043343
-2,1000,3688.881445
-2,1000,3692.854928
-1,1000,3696.694728
-5,1000,3700.480659
-1,1000,3704.381734
-3,1000,3708.210543
0,1000,3712.137475
-3,1000,3715.899678
-3,1000,3719.780491
-1,1000,3723.851373
-1,1000,3727.661536
-4,1000,3731.470521
-2,1000,3735.230814
-1,1000,3739.139645
-1,1000,3742.966772
-3,1000,3746.756515
-3,1000,3750.597985
-2,1000,3754.620366
-4,1000,3758.40046
-2,1000,3762.216367
-1,1000,3766.078482
-2,1000,3769.885499
-3,1000,3773.647417
-2,1000,3777.497533
-2,1000,3781.37553
-2,1000,3785.357052
-3,1000,3789.237653
-2,1000,3793.270335
-3,1000,3797.053475
-5,1000,3800.938282
-4,1000,3804.733619
-2,1000,3808.590191
-2,1000,3812.55934
-1,1000,3816.503
-4,1000,3820.70571
-2,1000,3824.689644
-2,1000,3828.715529
-2,1000,3832.515429
-3,1000,3836.535147
-1,1000,3840.444599
-2,1000,3844.539528
-1,1000,3848.333596
-4,1000,3852.274067
-2,1000,3856.175973
-3,1000,3859.963919
-3,1000,3863.957252
-4,1000,3867.801626
-2,1000,3871.751788
-1,1000,3875.800922
-3,1000,3879.63755
-3,1000,3883.477567
-3,1000,3887.288926
-4,1000,3891.203404
-3,1000,3895.000544
0,1000,3898.915689
-1,1000,3902.910826
0,1000,3906.904461
-2,1000,3910.764654
-2,1000,3914.614687
-3,1000,3918.525378
-2,1000,3922.309761
-2,1000,3926.110571
-2,1000,3929.91942
0,1000,3934.152272
-2,1000,3938.781462
-4,1000,3942.61771
-2,1000,3946.453473
0,1000,3950.330469
-4,1000,3954.138529
-1,1000,3958.073722
1,1000,3962.018602
-3,1000,3966.077521
-2,1000,3969.99666
-1,1000,3973.826437
-4,1000,3977.671721
-3,1000,3981.475179
-6,1000,3985.25867
-2,1000,3989.132646
-4,1000,3993.133977
-2,1000,3997.008607
-4,1000,4000.872157
-3,1000,4004.765496
-1,1000,4008.585579
-2,1000,4012.400697
-3,1000,4016.208514
-5,1000,4019.983534
-4,1000,4024.039485
-3,1000,4027.905853
-3,1000,4031.764472
-1,1000,4035.588392
-4,1000,4039.384026
-4,1000,4043.216304
-2,1000,4047.014523
-2,1000,4050.977801
-6,1000,4055.157032
0,1000,4060.725737
-1,1000,4065.231712
-3,1000,4069.943372
-3,1000,4074.456476
-4,1000,4078.884731
-3,1000,4083.715599
-2,1000,4088.210464
-1,1000,4092.784664
-3,1000,4097.194831
-2,1000,4101.562486
-1,1000,4105.387319
-2,1000,4109.404294
-3,1000,4113.465633
-3,1000,4117.610827
-3,1000,4121.475863
-2,1000,4125.450738
-2,1000,4129.34656
-1,1000,4133.393875
-1,1000,4137.240568
-2,1000,4141.116896
-2,1000,4145.225481
-1,1000,4149.049206
-3,1000,4152.893717
-2,1000,4156.789516
-2,1000,4160.597998
0,1000,4164.488515
-3,1000,4168.340547
-2,1000,4172.33653
0,1000,4176.256974
-2,1000,4180.033813
0,1000,4183.82754
0,1000,4187.747858
-1,1000,4191.575507
-3,1000,4195.408185
-3,1000,4199.224582
-1,1000,4203.254231
0,1000,4207.182588
-2,1000,4211.023759
-2,1000,4214.903877
-2,1000,4218.720591
-2,1000,4222.580829
-2,1000,4226.445832
-1,1000,4230.252643
-2,1000,4234.281278
-3,1000,4238.130841
-1,1000,4242.696241
-3,1000,4246.822911
-4,1000,4250.672461
-3,1000,4254.479625
-2,1000,4258.334563
-2,1000,4262.314589
-1,1000,4266.223228
0,1000,4270.157635
-1,1000,4273.949546
-4,1000,4277.790516
-6,1000,4281.589476
-3,1000,4285.343429
-1,1000,4289.208594
-1,1000,4293.274844
-4,1000,4297.100255
-3,1000,4300.964371
-2,1000,4304.811053
-3,1000,4308.579546
-2,1000,4312.463904
-3,1000,4316.243909
0,1000,4320.046661
-1,1000,4324.159559
-3,1000,4327.918018
-3,1000,4331.70423
-1,1000,4335.503054
-3,1000,4339.273366
-1,1000,4343.075743
-3,1000,4346.909593
0,1000,4350.793601
-1,1000,4354.816688
-5,1000,4358.566368
-1,1000,4362.465211
-3,1000,4366.279619
-4,1000,4370.097696
-4,1000,4374.019748
-4,1000,4377.813617
-4,1000,4381.744116
-2,1000,4385.658686
-3,1000,4389.461541
-2,1000,4393.276718
-3,1000,4397.05456
-2,1000,4400.945699
0,1000,4404.914611
-4,1000,4408.734538
-1,1000,4412.810647
-1,1000,4416.75368
-1,1000,4420.768693
-1,1000,4424.560795
-2,1000,4428.458546
-3,1000,4432.348842
-1,1000,4436.390772
-3,1000,4440.807593
-4,1000,4444.882794
0,1000,4448.757725
-3,1000,4452.538028
-1,1000,4456.587531
-2,1000,4460.495497
-1,1000,4464.280643
-2,1000,4468.13376
-3,1000,4472.042558
-3,1000,4475.973578
-2,1000,4479.864572
-2,1000,4483.713674
-2,1000,4487.642496
-2,1000,4491.490848
0,1000,4495.320855
-4,1000,4499.14342
-4,1000,4503.204252
-1,1000,4506.99485
-4,1000,4510.809712
-2,1000,4514.605232
-3,1000,4518.382199
-3,1000,4522.21762
-2,1000,4526.050589
-2,1000,4529.968022
-3,1000,4534.116656
-5,1000,4537.92471
-1,1000,4541.750677
-3,1000,4545.993631
-2,1000,4550.208608
-3,1000,4554.146954
-4,1000,4557.997112
-2,1000,4562.051429
-2,1000,4565.987923
-1,1000,4569.850599
-1,1000,4573.735891
0,1000,4577.534798
-3,1000,4581.342613
-2,1000,4585.154756
-3,1000,4589.045246
-3,1000,4593.024549
-1,1000,4596.904561
-2,1000,4600.756041
-3,1000,4604.600874
-4,1000,4608.40442
-2,1000,4612.239689
-4,1000,4616.053673
-2,1000,4619.859108
0,1000,4623.996477
-2,1000,4627.786673
-2,1000,4631.726048
-2,1000,4635.600756
-4,1000,4639.539694
-2,1000,4643.438611
0,1000,4647.335823
-2,1000,4651.232944
-2,1000,4655.208618
-1,1000,4659.037795
-2,1000,4662.928833
1,1000,4666.96787
0,1000,4671.045244
-2,1000,4674.998067
-1,1000,4678.881301
-3,1000,4683.075685
-1,1000,4686.901598
-3,1000,4690.713631
-3,1000,4694.541132
-3,1000,4698.429861
-3,1000,4702.253839
-1,1000,4706.185029
-4,1000,4710.060635
-2,1000,4714.206594
-2,1000,4718.183697
0,1000,4722.006104
-1,1000,4725.878064
-1,1000,4729.796634
-2,1000,4733.658341
-3,1000,4737.617175
-2,1000,4741.593605
0,1000,4745.619637
-2,1000,4749.602807
-2,1000,4753.584684
-1,1000,4757.383629
-1,1000,4761.205343
-2,1000,4765.014926
-3,1000,4768.860751
-2,1000,4772.934568
-3,1000,4776.801762
-3,1000,4780.752785
-1,1000,4784.643193
-2,1000,4788.678545
-2,1000,4792.539661
-1,1000,4796.3766
-4,1000,4800.32676
-1,1000,4804.614537
-2,1000,4808.512215
-1,1000,4812.410494
-3,1000,4816.377256
-3,1000,4820.349741
-4,1000,4824.22101
0,1000,4828.033166
-3,1000,4832.034825
-2,1000,4836.158632
1,1000,4840.087281
-1,1000,4844.003331
-3,1000,4847.9816
-2,1000,4852.794488
-3,1000,4856.881162
0,1000,4860.834917
-2,1000,4864.922869
-1,1000,4868.860902
-1,1000,4872.691263
-3,1000,4876.517787
-2,1000,4880.502161
-2,1000,4884.50786
-1,1000,4888.503758
-4,1000,4892.525812
-3,1000,4896.416257
-1,1000,4900.252825
-2,1000,4904.316771
-4,1000,4908.186772
0,1000,4912.034512
0,1000,4916.034034
0,1000,4919.875946
-1,1000,4924.13081
0,1000,4928.098196
-3,1000,4932.027804
-2,1000,4935.929778
-2,1000,4939.893738
-2,1000,4943.874588
-1,1000,4947.775174
0,1000,4951.738814
-1,1000,4955.782674
-3,1000,4959.696808
-1,1000,4963.724863
-1,1000,4967.625656
-3,1000,4971.555027
-2,1000,4975.400764
-1,1000,4979.48797
-4,1000,4983.760912
-2,1000,4987.813696
-3,1000,4991.785589
-3,1000,4995.734711
-3,1000,4999.653894
-2,1000,5003.57779
-4,1000,5007.548913
-2,1000,5011.731964
-2,1000,5015.865962
-2,1000,5020.071761
-3,1000,5023.994922
-3,1000,5027.934838
-2,1000,5031.857167
-4,1000,5035.835317
1,1000,5039.840639
-4,1000,5044.027878
-1,1000,5047.941694
-2,1000,5051.847241
-2,1000,5055.740124
0,1000,5059.56425
-3,1000,5063.494119
-1,1000,5067.413674
-2,1000,5071.489841
-2,1000,5075.592844
-1,1000,5079.458822
-2,1000,5083.463913
-4,1000,5087.377046
-2,1000,5091.261781
-3,1000,5095.192619
-2,1000,5099.125416
0,1000,5103.244161
-3,1000,5107.472144
-2,1000,5111.40995
-2,1000,5115.313931
-2,1000,5119.362979
0,1000,5123.360844
-5,1000,5127.319718
-1,1000,5131.318423
0,1000,5135.329592
0,1000,5139.199669
-1,1000,5143.08365
-4,1000,5146.933726
-3,1000,5150.818773
-3,1000,5155.134894
0,1000,5159.62177
0,1000,5163.742903
-1,1000,5167.816762
-3,1000,5171.709716
-3,1000,5175.560887
-1,1000,5179.46477
-3,1000,5183.319849
0,1000,5187.268742
-2,1000,5191.551364
0,1000,5195.607001
-2,1000,5199.505919
-2,1000,5203.404842
-2,1000,5207.318234
-2,1000,5211.19278
-1,1000,5215.27978
-2,1000,5219.203541
-3,1000,5223.324582
-1,1000,5227.209955
-2,1000,5231.036673
-3,1000,5234.850738
-1,1000,5238.715856
0,1000,5242.59022
0,1000,5246.491752
-1,1000,5250.344857
-2,1000,5254.563857
-3,1000,5258.414141
-2,1000,5262.257581
0,1000,5266.189855
-1,1000,5270.092879
-2,1000,5273.925905
-3,1000,5277.878158
-1,1000,5281.99621
-1,1000,5285.970759
-4,1000,5289.887954
-3,1000,5293.693999
-1,1000,5297.630865
0,1000,5301.475791
-2,1000,5305.296106
-1,1000,5309.135831
-2,1000,5313.236891
-3,1000,5317.255125
-1,1000,5321.110849
-3,1000,5324.919782
-2,1000,5328.851353
0,1000,5332.748789
-2,1000,5336.636901
-2,1000,5340.531973
-2,1000,5344.680853
-2,1000,5348.685865
-3,1000,5352.566014
-2,1000,5356.374859
-3,1000,5360.321976
-2,1000,5364.33713
-2,1000,5368.211104
-2,1000,5372.198252
-2,1000,5376.095796
-1,1000,5379.950796
-3,1000,5383.827783
-2,1000,5387.874199
-2,1000,5391.867707
-4,1000,5395.715222
0,1000,5399.537134
-1,1000,5403.707082
-3,1000,5407.800912
0,1000,5411.62089
-4,1000,5415.532772
-3,1000,5419.347002
-1,1000,5423.235822
-4,1000,5427.179893
-4,1000,5431.110456
-2,1000,5435.161346
-1,1000,5438.957634
-3,1000,5442.82483
1,1000,5446.74402
-2,1000,5450.637077
-3,1000,5454.499707
-3,1000,5458.423311
-3,1000,5463.445241
-2,1000,5467.400657
-1,1000,5471.249523
-1,1000,5475.156828
0,1000,5479.046929
-1,1000,5482.860188
-2,1000,5486.708009
0,1000,5490.752853
-3,1000,5494.799189
-2,1000,5498.641862
0,1000,5502.461737
-3,1000,5506.373885
-2,1000,5510.263879
-2,1000,5514.179835
0,1000,5518.003724
-2,1000,5522.079552
0,1000,5526.114128
-1,1000,5530.348168
0,1000,5534.264024
0,1000,5538.085899
-3,1000,5542.013932
-1,1000,5545.988179
-2,1000,5549.872574
0,1000,5553.966019
-1,1000,5557.820335
1,1000,5561.954127
-1,1000,5565.850916
-3,1000,5569.769872
0,1000,5573.673878
-1,1000,5577.582129
-1,1000,5581.704339
-2,1000,5585.748877
-1,1000,5589.745745
-1,1000,5593.627741
-3,1000,5597.553136
-4,1000,5601.420475
-1,1000,5605.275058
-3,1000,5609.22794
-2,1000,5613.492578
-2,1000,5617.569731
-1,1000,5621.580987
0,1000,5625.599141
-2,1000,5629.558107
-1,1000,5633.553659
-2,1000,5637.919912
-4,1000,5642.004792
-3,1000,5646.105186
-2,1000,5649.993849
-2,1000,5654.271821
-2,1000,5658.300909
-1,1000,5662.296515
-4,1000,5666.255856
-1,1000,5670.220825
0,1000,5674.451849
-1,1000,5678.210603
-2,1000,5682.213843
-3,1000,5686.175136
-1,1000,5690.15107
-1,1000,5693.999743
0,1000,5697.958112
-3,1000,5702.077008
-2,1000,5706.183953
-2,1000,5710.168087
-2,1000,5714.213863
-1,1000,5718.065348
-3,1000,5722.078764
-2,1000,5725.929653
-2,1000,5729.937026
-2,1000,5734.105961
-1,1000,5738.217586
-3,1000,5742.25001
-2,1000,5746.167166
-2,1000,5750.079895
-1,1000,5754.09261
-2,1000,5757.988837
-1,1000,5762.148772
-2,1000,5767.00112
0,1000,5771.172861
-2,1000,5775.068357
-1,1000,5779.082539
-1,1000,5782.907918
0,1000,5786.802904
0,1000,5790.811349
-4,1000,5795.032973
-1,1000,5798.987034
-3,1000,5802.898425
-1,1000,5806.726566
-3,1000,5810.690834
0,1000,5814.539097
-2,1000,5818.465928
-4,1000,5822.625802
-1,1000,5826.651356
-2,1000,5830.693023
-3,1000,5834.772116
-3,1000,5838.684832
-2,1000,5842.559018
0,1000,5846.546598
-2,1000,5850.52013
-2,1000,5854.7091
-3,1000,5858.667965
-3,1000,5862.619525
-1,1000,5866.569867
-2,1000,5870.534035
-2,1000,5874.582034
-2,1000,5878.457373
-2,1000,5882.51529
-2,1000,5886.565866
-2,1000,5890.488285
-3,1000,5894.870271
-2,1000,5898.912112
-1,1000,5902.859984
-1,1000,5907.035635
-2,1000,5910.979405
-4,1000,5915.164931
-2,1000,5919.376004
-3,1000,5923.381284
-2,1000,5927.398482
-4,1000,5931.348138
-2,1000,5935.57975
-1,1000,5939.551265
-2,1000,5943.825178
-3,1000,5947.84711
-2,1000,5951.928197
-2,1000,5955.802547
-3,1000,5959.734114
-2,1000,5963.657011
-2,1000,5967.571153
-2,1000,5971.546015
-1,1000,5975.728378
-3,1000,5979.797911
-2,1000,5983.794902
-3,1000,5987.726993
-1,1000,5991.709327
-2,1000,5995.806982
-1,1000,6000.0789
-1,1000,6004.234072
-1,1000,6008.161099
-2,1000,6012.096893
-4,1000,6016.124119
-1,1000,6020.081092
-2,1000,6023.926224
-3,1000,6027.876396
-4,1000,6032.027128
-3,1000,6036.109073
0,1000,6040.091316
-1,1000,6043.999241
-2,1000,6048.090999
-4,1000,6052.184942
-3,1000,6056.184681
-1,1000,6060.002957
-2,1000,6064.169769
-2,1000,6068.125124
-2,1000,6072.89695
-4,1000,6076.832978
-3,1000,6080.816047
-1,1000,6084.783
-3,1000,6088.730096
-3,1000,6092.973173
-3,1000,6097.078969
-2,1000,6101.07666
-1,1000,6104.933012
-1,1000,6108.831427
-2,1000,6112.855948
-1,1000,6116.790784
0,1000,6120.81225
-2,1000,6124.952049
-1,1000,6128.88508
-2,1000,6132.838406
-1,1000,6136.793488
-4,1000,6140.688823
-1,1000,6144.677949
-4,1000,6148.726448
-1,1000,6152.814146
-2,1000,6156.842109
0,1000,6160.726026
0,1000,6164.544051
-4,1000,6168.514893
-3,1000,6172.533019
-2,1000,6176.571681
-2,1000,6180.564268
-3,1000,6184.919196
-4,1000,6188.91339
0,1000,6192.87868
-2,1000,6196.816925
0,1000,6200.705306
-1,1000,6204.613309
-3,1000,6208.523292
-3,1000,6212.775154
-3,1000,6216.940942
-1,1000,6221.036912
-3,1000,6225.05612
0,1000,6228.946722
-2,1000,6232.876312
-1,1000,6236.90096
-2,1000,6240.785013
-1,1000,6244.928872
-1,1000,6248.930101
-2,1000,6252.970526
-1,1000,6256.864085
-2,1000,6260.820976
-2,1000,6264.695639
-1,1000,6268.562001
-3,1000,6272.745028
-1,1000,6276.741153
-3,1000,6280.582705
-3,1000,6284.520033
-1,1000,6288.396756
-2,1000,6292.396043
-1,1000,6296.252588
-1,1000,6300.288524
-4,1000,6304.511299
-2,1000,6308.533169
-2,1000,6312.472182
-3,1000,6316.362108
-2,1000,6320.225812
-1,1000,6324.09858
0,1000,6327.951095
-2,1000,6331.97829
-1,1000,6336.01335
0,1000,6339.847258
-4,1000,6343.817437
-2,1000,6347.818364
-1,1000,6351.758164
-2,1000,6355.709739
-4,1000,6359.684096
-1,1000,6364.02073
-1,1000,6367.91143
-2,1000,6371.878959
-1,1000,6376.518105
-1,1000,6380.734906
-2,1000,6384.742955
-1,1000,6388.574248
-3,1000,6392.793145
-4,1000,6396.974805
-2,1000,6400.844368
-2,1000,6404.720168
-4,1000,6408.967426
-1,1000,6412.910769
0,1000,6416.807447
-2,1000,6420.72651
-3,1000,6424.876183
-1,1000,6428.915918
-2,1000,6432.888025
-2,1000,6436.827936
-2,1000,6440.718903
-2,1000,6444.601979
-2,1000,6448.491101
-1,1000,6452.665109
-1,1000,6456.661303
-4,1000,6460.692403
-1,1000,6464.576056
-2,1000,6468.666904
-3,1000,6472.682503
-2,1000,6476.752943
-3,1000,6480.74617
-2,1000,6485.067791
-2,1000,6488.882134
-2,1000,6492.947407
-2,1000,6497.018297
-4,1000,6501.030269
-5,1000,6504.942104
0,1000,6508.941108
-1,1000,6513.152434
-1,1000,6517.239095
0,1000,6521.181538
-1,1000,6525.316796
-1,1000,6529.249097
-2,1000,6533.163422
-2,1000,6537.00118
0,1000,6541.111317
-2,1000,6545.287825
-1,1000,6549.281461
-3,1000,6553.314049
-1,1000,6557.534312
-1,1000,6561.377261
-2,1000,6565.260193
-1,1000,6569.143989
-3,1000,6573.179341
-1,1000,6577.128131
-3,1000,6581.018337
-2,1000,6585.019791
-2,1000,6588.959129
-3,1000,6592.824473
-3,1000,6596.844361
-1,1000,6600.771048
-2,1000,6604.847976
-2,1000,6608.729911
-3,1000,6612.680058
-2,1000,6616.62747
-3,1000,6620.474006
-2,1000,6624.347021
-3,1000,6628.257485
-3,1000,6632.355119
-2,1000,6636.324266
-2,1000,6640.213697
-1,1000,6644.069177
-2,1000,6648.053484
0,1000,6651.93616
-1,1000,6655.820172
-3,1000,6659.692453
-1,1000,6663.853734
-4,1000,6667.684301
-2,1000,6671.696359
-1,1000,6675.667422
-2,1000,6679.800793
0,1000,6684.229256
-1,1000,6688.052434
-2,1000,6692.130502
-2,1000,6696.2722
-1,1000,6700.11655
-1,1000,6703.982304
-1,1000,6707.939001
-3,1000,6711.788697
-2,1000,6715.696529
-1,1000,6719.610377
-4,1000,6723.716813
-1,1000,6727.526274
-1,1000,6731.479511
-1,1000,6735.393535
-3,1000,6739.255167
-2,1000,6743.084965
0,1000,6747.068797
-2,1000,6750.986258
-2,1000,6755.067803
0,1000,6758.931627
0,1000,6762.820653
-2,1000,6766.676256
-1,1000,6770.573563
0,1000,6774.397699
-3,1000,6778.274498
-3,1000,6782.364132
-3,1000,6786.329237
-2,1000,6790.189216
-1,1000,6794.098598
-3,1000,6797.980001
-1,1000,6801.848402
-2,1000,6805.632621
-2,1000,6809.535697
-3,1000,6813.776531
-2,1000,6817.798971
-1,1000,6821.806799
-2,1000,6825.743765
-2,1000,6829.604264
-4,1000,6833.580415
-2,1000,6837.799691
-3,1000,6841.912669
-1,1000,6845.89831
-3,1000,6849.796854
-3,1000,6853.748941
-3,1000,6857.803733
-1,1000,6861.689422
-2,1000,6865.65426
1,1000,6869.477226
-2,1000,6873.700584
-2,1000,6877.6376
-3,1000,6881.466602
-1,1000,6885.333218
-3,1000,6889.339547
0,1000,6893.129462
-3,1000,6897.017238
-1,1000,6900.888348
-1,1000,6905.305281
-1,1000,6909.077308
-2,1000,6913.00182
-1,1000,6916.946007
-2,1000,6920.793327
-1,1000,6924.786601
-3,1000,6928.736123
-4,1000,6932.826073
-2,1000,6936.74332
-2,1000,6940.641894
0,1000,6944.487086
-5,1000,6948.48385
-2,1000,6952.318264
-2,1000,6956.169587
-3,1000,6960.169607
-5,1000,6964.366989
-1,1000,6968.180481
-2,1000,6971.994228
-2,1000,6975.892621
-3,1000,6979.956853
-2,1000,6984.002691
-3,1000,6988.658297
-4,1000,6992.917292
-2,1000,6996.895696
-2,1000,7000.826919
-2,1000,7004.800622
-1,1000,7008.736163
-5,1000,7012.583769
-2,1000,7016.485649
-1,1000,7020.383365
-4,1000,7024.571929
-1,1000,7028.604914
-3,1000,7032.521183
-2,1000,7036.298273
-2,1000,7040.135518
-3,1000,7044.022938
-2,1000,7047.920592
-2,1000,7051.93727
-5,1000,7055.97146
-5,1000,7059.774088
-1,1000,7063.680866
0,1000,7067.525691
0,1000,7071.350827
-2,1000,7075.294731
-1,1000,7079.160725
-1,1000,7083.242335
0,1000,7087.338382
-1,1000,7091.233649
0,1000,7095.202191
-2,1000,7099.129619
-4,1000,7103.039342
-1,1000,7106.872706
-1,1000,7110.769868
-1,1000,7114.838409
-1,1000,7118.880921
-2,1000,7122.799204
-1,1000,7126.824682
-2,1000,7130.841398
0,1000,7134.677395
-1,1000,7138.678621
-2,1000,7142.978451
-1,1000,7146.901205
-2,1000,7150.892971
-2,1000,7154.792953
-2,1000,7158.735667
-3,1000,7162.669764
-1,1000,7166.623452
-1,1000,7170.655791
-1,1000,7174.807045
-3,1000,7178.77781
-1,1000,7183.323755
-1,1000,7187.359087
-1,1000,7191.383482
-3,1000,7195.326334
0,1000,7199.24035
-2,1000,7203.408756
-1,1000,7207.372672
-3,1000,7211.241475
-1,1000,7215.14344
-2,1000,7219.07288
-2,1000,7223.181417
-1,1000,7226.991977
-3,1000,7230.958492
-3,1000,7235.078526
-3,1000,7238.919642
-3,1000,7242.733284
0,1000,7246.703778
0,1000,7250.640383
-1,1000,7254.433509
-1,1000,7258.279623
-2,1000,7262.284329
-1,1000,7266.210774
-1,1000,7270.035838
0,1000,7273.904818
-2,1000,7277.886623
-3,1000,7281.760477
-1,1000,7285.606757
-2,1000,7289.754444
-3,1000,7294.732871
-1,1000,7298.681979
1,1000,7302.501669
-2,1000,7306.52098
-4,1000,7310.450968
-2,1000,7314.2982
-1,1000,7318.237397
-2,1000,7322.475339
-3,1000,7326.392753
-2,1000,7330.324644
-3,1000,7334.20864
-2,1000,7338.03458
-3,1000,7341.898367
-2,1000,7345.852747
-5,1000,7349.879646
-1,1000,7354.031024
0,1000,7357.979309
-2,1000,7361.930268
-1,1000,7365.800582
-1,1000,7369.701884
-2,1000,7373.560951
-2,1000,7377.365453
-1,1000,7381.526614
-4,1000,7385.55362
-2,1000,7389.391606
-1,1000,7393.226625
-4,1000,7397.075294
-3,1000,7401.117212
-2,1000,7405.105464
-3,1000,7409.008581
-2,1000,7413.040647
-3,1000,7417.175588
0,1000,7421.340697
-2,1000,7425.640874
-3,1000,7429.58629
-1,1000,7433.677485
-2,1000,7437.868713
-4,1000,7442.010489
-2,1000,7446.038557
-3,1000,7449.952716
-3,1000,7453.949527
-3,1000,7458.020991
-1,1000,7461.843377
-1,1000,7465.832832
-3,1000,7469.756605
-1,1000,7473.990673
-1,1000,7477.917245
-1,1000,7481.858376
-2,1000,7485.836528
-1,1000,7489.804424
-2,1000,7493.808934
-2,1000,7497.770975
-2,1000,7501.744741
-3,1000,7505.88402
-3,1000,7509.792624
0,1000,7513.705793
-1,1000,7517.525296
-2,1000,7521.497607
-2,1000,7525.349418
-1,1000,7529.24474
-2,1000,7533.361456
-1,1000,7537.318323
-1,1000,7541.158458
-2,1000,7545.032516
-2,1000,7548.973608
-2,1000,7552.806546
-3,1000,7556.65625
-3,1000,7560.524767
-1,1000,7564.749934
-3,1000,7568.540781
-4,1000,7572.382664
-1,1000,7576.219691
-2,1000,7580.138099
-2,1000,7584.01499
-1,1000,7587.852899
-5,1000,7591.831868
-1,1000,7596.643748
-6,1000,7600.720665
-2,1000,7604.547465
-1,1000,7608.345375
-3,1000,7612.191305
-2,1000,7616.054587
-3,1000,7619.978601
0,1000,7624.10478
-1,1000,7627.961593
-1,1000,7631.777073
-2,1000,7635.621596
-1,1000,7639.619638
-2,1000,7643.453298
0,1000,7647.260543
-1,1000,7651.190781
-1,1000,7655.375692
-3,1000,7661.012939
-1,1000,7665.726009
-1,1000,7670.362648
0,1000,7674.838781
-3,1000,7679.336521
-2,1000,7684.048571
-1,1000,7688.622154
-2,1000,7693.043347
0,1000,7697.532817
-3,1000,7702.365955
-2,1000,7706.236352
-1,1000,7710.140562
0,1000,7714.27785
-1,1000,7718.44171
-2,1000,7722.377622
-4,1000,7726.3505
-1,1000,7730.22467
-4,1000,7734.137075
0,1000,7737.971644
-3,1000,7742.039339
0,1000,7746.01683
-1,1000,7749.916224
-2,1000,7753.733743
-2,1000,7757.552607
-4,1000,7761.40574
-3,1000,7765.223454
-2,1000,7769.134576
-4,1000,7773.272759
1,1000,7777.121722
-1,1000,7780.964716
-2,1000,7784.81896
0,1000,7788.696485
-1,1000,7792.546578
-1,1000,7796.480729
-2,1000,7800.352499
-1,1000,7804.397335
-2,1000,7808.299911
-2,1000,7812.076825
1,1000,7815.914715
-1,1000,7819.778368
-3,1000,7823.688714
-3,1000,7827.609762
0,1000,7831.647033
0,1000,7835.613755
0,1000,7839.484459
-2,1000,7843.403451
-2,1000,7847.169291
-1,1000,7851.062626
-2,1000,7854.873545
-4,1000,7858.700066
-3,1000,7862.773438
0,1000,7866.652769
-2,1000,7870.545487
-4,1000,7874.415051
-2,1000,7878.251518
-2,1000,7882.169614
-4,1000,7886.024526
-2,1000,7889.852636
-2,1000,7894.123212
-2,1000,7898.083626
-1,1000,7902.935605
-2,1000,7906.822937
-1,1000,7910.755686
0,1000,7914.741444
-1,1000,7918.61302
-4,1000,7922.663594
-3,1000,7926.561824
-3,1000,7930.397574
-1,1000,7934.282521
-1,1000,7938.11342
0,1000,7942.029478
-1,1000,7945.940867
-4,1000,7949.872825
-2,1000,7954.001465
-3,1000,7957.916273
-2,1000,7961.791885
0,1000,7965.715539
-1,1000,7969.969952
-3,1000,7974.027719
-1,1000,7977.893487
-1,1000,7981.923939
-1,1000,7985.849452
1,1000,7989.744674
0,1000,7993.563413
-2,1000,7997.408607
-1,1000,8001.349504
-3,1000,8005.171792
-2,1000,8009.005757
0,1000,8013.061199
-1,1000,8017.137111
-3,1000,8021.155834
0,1000,8024.979963
-3,1000,8028.811579
-3,1000,8032.671363
-1,1000,8036.722696
-3,1000,8041.028714
1,1000,8045.188551
-2,1000,8049.044477
1,1000,8052.857508
-4,1000,8056.671412
-1,1000,8060.490762
-2,1000,8064.487624
-2,1000,8068.412555
-3,1000,8072.392769
-3,1000,8076.370655
-3,1000,8080.219946
-2,1000,8084.021518
-3,1000,8087.833804
-2,1000,8091.628891
0,1000,8095.427521
-2,1000,8099.227521
-3,1000,8103.330703
-1,1000,8107.226946
-4,1000,8111.03669
-3,1000,8114.822873
-4,1000,8118.647775
-1,1000,8122.478225
-3,1000,8126.2904
-4,1000,8130.115434
-3,1000,8134.194801
-2,1000,8138.063871
-1,1000,8141.895607
-2,1000,8145.709456
-4,1000,8149.498541
0,1000,8153.367757
0,1000,8157.356796
-3,1000,8161.189447
0,1000,8165.18572
0,1000,8168.997309
-2,1000,8172.806979
0,1000,8176.639004
-2,1000,8180.457212
-1,1000,8184.280632
-1,1000,8188.164608
-4,1000,8192.180688
-3,1000,8196.259684
-1,1000,8200.092728
-4,1000,8204.169765
-4,1000,8208.567008
-3,1000,8212.343158
-2,1000,8216.123017
-1,1000,8219.887952
-2,1000,8223.948937
-3,1000,8227.761648
-2,1000,8231.564732
-2,1000,8235.419075
-1,1000,8239.22395
-3,1000,8242.994567
-2,1000,8246.859965
-4,1000,8250.698649
-1,1000,8254.818977
-1,1000,8258.640754
-3,1000,8262.449943
-4,1000,8266.237776
-3,1000,8270.049022
-2,1000,8273.868981
-4,1000,8277.745916
-4,1000,8281.641981
-2,1000,8285.583391
-3,1000,8289.397682
-5,1000,8293.161779
-4,1000,8297.056565
-3,1000,8300.845654
-1,1000,8304.639732
0,1000,8308.600515
-3,1000,8312.59269
-5,1000,8316.44164
-5,1000,8320.371561
-3,1000,8324.154653
-5,1000,8327.89685
-3,1000,8331.672466
0,1000,8335.482485
-3,1000,8339.352792
-3,1000,8343.425497
-3,1000,8347.224425
-4,1000,8351.027471
-3,1000,8354.957482
-1,1000,8358.794588
-1,1000,8362.632626
-3,1000,8366.441857
-5,1000,8370.186547
-2,1000,8374.279464
-1,1000,8378.096705
-4,1000,8381.957983
-3,1000,8385.778693
0,1000,8389.582708
-3,1000,8393.396608
-2,1000,8397.211934
-1,1000,8401.143856
-2,1000,8405.10051
-1,1000,8408.918997
-1,1000,8412.722602
-3,1000,8416.623055
-2,1000,8420.413693
-3,1000,8424.22172
-1,1000,8428.013535
-2,1000,8432.164511
-2,1000,8436.085062
-3,1000,8439.864064
-1,1000,8443.748435
-3,1000,8447.660755
0,1000,8451.566612
-2,1000,8455.380909
-4,1000,8459.173918
-3,1000,8463.347577
-1,1000,8467.235166
-1,1000,8471.035698
-2,1000,8474.852505
-4,1000,8478.720918
-1,1000,8482.653946
-4,1000,8486.494477
-3,1000,8490.365718
-1,1000,8494.461006
0,1000,8498.423429
-1,1000,8502.31152
-3,1000,8506.23239
1,1000,8510.630748
-3,1000,8514.773619
-2,1000,8518.803045
-3,1000,8522.855947
-3,1000,8526.713804
-2,1000,8530.566131
-3,1000,8534.372805
-3,1000,8538.293696
-2,1000,8542.111494
-2,1000,8546.003639
-2,1000,8549.840554
-5,1000,8554.017963
-3,1000,8557.860764
-2,1000,8561.714477
-3,1000,8565.521763
-3,1000,8569.325787
-2,1000,8573.123418
-1,1000,8576.906768
-1,1000,8580.753583
-1,1000,8584.785292
-1,1000,8588.612462
-2,1000,8592.442175
-4,1000,8596.204896
-2,1000,8600.007596
-2,1000,8603.933583
-3,1000,8607.770605
-2,1000,8611.781809
-1,1000,8615.738339
-3,1000,8619.969939
-1,1000,8623.88376
-2,1000,8627.706549
-4,1000,8631.543709
-3,1000,8635.447873
-5,1000,8639.34289
-1,1000,8643.449675
-3,1000,8647.378897
-2,1000,8651.238633
-2,1000,8655.166396
-4,1000,8658.969761
0,1000,8662.751649
-4,1000,8666.682613
-2,1000,8670.593532
-5,1000,8674.702904
-4,1000,8678.467566
-1,1000,8682.385467
-1,1000,8686.288903
-3,1000,8690.137688
-5,1000,8694.0516
-2,1000,8697.913622
-3,1000,8701.846615
-1,1000,8705.785512
-2,1000,8709.624677
-1,1000,8713.468876
0,1000,8717.326825
-5,1000,8721.163781
-2,1000,8724.967777
-3,1000,8728.835671
-2,1000,8732.849968
-4,1000,8736.766731
-4,1000,8740.51704
-4,1000,8744.355526
-2,1000,8748.188678
-3,1000,8752.061926
-3,1000,8755.943882
-4,1000,8759.746607
-3,1000,8763.913559
-1,1000,8767.797985
-1,1000,8771.675742
-1,1000,8775.613365
-2,1000,8779.475821
-2,1000,8783.263945
-3,1000,8787.212399
-2,1000,8791.154571
-1,1000,8795.221662
-5,1000,8799.032911
-1,1000,8802.810811
0,1000,8806.676117
-3,1000,8810.547831
-3,1000,8814.73209
-4,1000,8819.00396
-3,1000,8823.055769
-1,1000,8826.966887
0,1000,8830.813865
-2,1000,8834.623685
-2,1000,8838.401921
-1,1000,8842.306268
-3,1000,8846.08887
-3,1000,8849.914773
-3,1000,8854.031124
-3,1000,8857.964423
-4,1000,8861.802775
0,1000,8865.623772
-3,1000,8869.467025
-2,1000,8873.2864
-2,1000,8877.177704
-2,1000,8881.008535
-4,1000,8885.030922
0,1000,8888.819986
-1,1000,8892.640386
-2,1000,8896.403743
-3,1000,8900.241745
-3,1000,8904.037605
-2,1000,8907.855606
-3,1000,8911.81003
-1,1000,8915.809417
-3,1000,8919.825546
-4,1000,8923.663748
-2,1000,8927.457584
0,1000,8931.273623
-3,1000,8935.156897
-1,1000,8938.972776
-4,1000,8942.990715
-2,1000,8946.814187
-4,1000,8950.602936
-1,1000,8954.540593
-3,1000,8958.373652
-5,1000,8962.170097
-1,1000,8965.993151
-3,1000,8969.770618
-3,1000,8973.876108
-3,1000,8977.720767
-5,1000,8981.511432
-4,1000,8985.327034
-3,1000,8989.136726
-4,1000,8992.967977
-2,1000,8996.791928
-4,1000,9000.611918
-3,1000,9004.603688
-3,1000,9008.449927
-2,1000,9012.26699
-2,1000,9016.118325
-3,1000,9019.917789
0,1000,9023.728491
-4,1000,9027.561722
-2,1000,9031.449936
-1,1000,9035.448999
-1,1000,9039.358069
-6,1000,9043.133343
-1,1000,9046.970968
0,1000,9050.727974
-2,1000,9054.536963
-1,1000,9058.421951
-1,1000,9062.5147
-4,1000,9066.41492
-2,1000,9070.185329
-3,1000,9073.950667
-2,1000,9077.785773
-1,1000,9081.561213
-2,1000,9085.380067
-2,1000,9089.151046
-2,1000,9093.195177
-3,1000,9097.036772
-3,1000,9100.828035
-2,1000,9104.636365
-3,1000,9108.465741
-1,1000,9112.284887
-3,1000,9116.10739
-1,1000,9120.557816
0,1000,9125.031342
-2,1000,9128.860139
-1,1000,9132.825919
-1,1000,9136.662897
-4,1000,9140.486642
-3,1000,9144.306933
-1,1000,9148.174606
-3,1000,9152.127864
-2,1000,9156.089627
-3,1000,9159.89584
-2,1000,9163.742836
-1,1000,9167.605859
-2,1000,9171.416835
-3,1000,9175.238962
0,1000,9179.08902
0,1000,9183.190866
-3,1000,9187.091522
-2,1000,9190.962559
-4,1000,9194.850374
-1,1000,9198.752843
0,1000,9202.555387
-3,1000,9206.41009
-3,1000,9210.234186
-5,1000,9214.346693
-1,1000,9218.380833
-4,1000,9222.339017
-2,1000,9226.187929
-2,1000,9229.996663
-3,1000,9233.898745
-3,1000,9238.056154
-3,1000,9242.098792
-3,1000,9246.165032
-2,1000,9249.994792
0,1000,9253.971045
-1,1000,9257.974152
-2,1000,9261.995841
-4,1000,9265.991825
-2,1000,9269.864072
-5,1000,9273.915128
-2,1000,9277.948708
-2,1000,9282.33881
-2,1000,9286.595085
-4,1000,9290.583388
-2,1000,9294.462849
-3,1000,9298.327762
-3,1000,9302.331324
-2,1000,9306.407836
-3,1000,9310.2416
0,1000,9314.12772
-2,1000,9317.995802
-3,1000,9321.822754
-3,1000,9325.648749
-2,1000,9329.491885
-3,1000,9333.619606
-1,1000,9337.469939
-2,1000,9341.281653
0,1000,9345.143835
-2,1000,9348.98888
0,1000,9352.771718
-6,1000,9356.574856
-3,1000,9360.540679
-1,1000,9364.640243
-4,1000,9368.508993
-1,1000,9372.402765
-1,1000,9376.25869
-1,1000,9380.093228
-2,1000,9383.921575
-1,1000,9387.754212
-2,1000,9391.745731
-3,1000,9395.758918
-1,1000,9399.605286
-2,1000,9403.448729
-4,1000,9407.351898
-3,1000,9411.209458
-2,1000,9415.128857
-1,1000,9419.035938
0,1000,9423.632267
-1,1000,9428.321037
-1,1000,9432.198963
-1,1000,9436.155042
0,1000,9440.008897
-2,1000,9443.903682
-3,1000,9447.761898
-2,1000,9451.876524
-1,1000,9456.047938
-3,1000,9459.889277
-4,1000,9463.731062
-1,1000,9467.704948
-2,1000,9471.664789
0,1000,9475.514229
-1,1000,9479.369065
-3,1000,9483.428863
-2,1000,9487.286825
-1,1000,9491.180867
-2,1000,9495.103022
-1,1000,9498.975789
-2,1000,9502.829938
-1,1000,9506.691509
0,1000,9510.561189
-2,1000,9514.755791
-3,1000,9518.775715
-1,1000,9522.810879
-2,1000,9526.713073
-2,1000,9530.562902
-2,1000,9534.415968
-2,1000,9538.379922
-1,1000,9542.427396
-1,1000,9546.346846
-5,1000,9550.265709
-1,1000,9554.189842
-1,1000,9558.09388
-1,1000,9562.09077
-3,1000,9566.016812
0,1000,9569.862879
0,1000,9574.02029
-2,1000,9577.812865
-5,1000,9581.710543
-2,1000,9585.642283
-4,1000,9589.439884
-3,1000,9593.368786
-3,1000,9597.216916
-1,1000,9601.298149
0,1000,9605.331952
-1,1000,9609.250829
-1,1000,9613.216839
-4,1000,9617.03391
-1,1000,9620.927685
-1,1000,9624.772827
-3,1000,9628.707964
-2,1000,9632.820114
-3,1000,9636.697337
-5,1000,9640.486008
-3,1000,9644.359765
-2,1000,9648.329814
-2,1000,9652.192938
-1,1000,9656.048348
-1,1000,9659.829851
-1,1000,9664.063295
-3,1000,9667.862034
-3,1000,9671.691026
-4,1000,9675.495068
-2,1000,9679.337861
-2,1000,9683.180829
-3,1000,9687.068777
-3,1000,9691.011933
-4,1000,9695.027234
-3,1000,9698.914092
-4,1000,9702.721929
-3,1000,9706.5641
-1,1000,9710.433912
-4,1000,9714.240867
-1,1000,9718.165146
-3,1000,9722.212416
-2,1000,9726.096851
-1,1000,9730.564944
-2,1000,9734.771933
-2,1000,9738.611838
-3,1000,9742.407861
-1,1000,9746.272151
-3,1000,9750.082028
-1,1000,9754.211855
-1,1000,9758.270094
-1,1000,9762.189769
-3,1000,9766.036071
-1,1000,9769.908664
1,1000,9773.932949
-2,1000,9777.771856
-2,1000,9781.736929
0,1000,9786.279033
-2,1000,9790.116276
-3,1000,9793.982942
-4,1000,9797.838029
-5,1000,9801.672886
-1,1000,9805.521238
-3,1000,9809.315672
-5,1000,9813.358251
-4,1000,9817.384138
-2,1000,9821.382203
-3,1000,9825.322627
-2,1000,9829.214127
-4,1000,9833.055885
-4,1000,9837.061815
-2,1000,9841.049988
-1,1000,9845.204947
-3,1000,9848.980242
-3,1000,9852.85512
-2,1000,9856.71405
-3,1000,9860.516844
-2,1000,9864.352915
-2,1000,9868.163788
-3,1000,9872.102988
-1,1000,9876.198118
-2,1000,9880.048593
-1,1000,9883.921824
-3,1000,9887.870911
-1,1000,9891.679028
-1,1000,9895.563053
-1,1000,9899.414893
-1,1000,9903.668983
1,1000,9907.512009
-4,1000,9911.331308
-1,1000,9915.155285
-2,1000,9918.980942
0,1000,9922.874957
-4,1000,9926.709966
-3,1000,9930.521923
-1,1000,9934.654039
-3,1000,9938.508935
0,1000,9942.452546
-1,1000,9946.31784
-1,1000,9950.259533
-1,1000,9954.183083
0,1000,9958.247415
-3,1000,9962.282155
-2,1000,9966.218934
-4,1000,9970.043043
0,1000,9973.85534
-5,1000,9977.707441
-2,1000,9981.530157
-2,1000,9985.335908
-2,1000,9989.259249
-4,1000,9993.304209
-2,1000,9997.096967
-1,1000,10000.941455
-2,1000,10004.717303
-3,1000,10008.617464
-3,1000,10012.431957
0,1000,10016.318108
-4,1000,10020.13189
-1,1000,10024.248292
-2,1000,10028.057192
-1,1000,10031.918877
-4,1000,10036.515083
-2,1000,10040.397957
0,1000,10044.229738
-2,1000,10048.08802
-1,1000,10052.065191
-2,1000,10055.960189
-3,1000,10059.761332
-2,1000,10063.573062
-1,1000,10067.401881
-2,1000,10071.209164
-3,1000,10075.116008
-4,1000,10079.005874
-5,1000,10083.054174
0,1000,10087.008603
-3,1000,10090.840089
-1,1000,10094.654882
-4,1000,10098.462645
-4,1000,10102.355832
-1,1000,10106.329909
-3,1000,10110.648203
-4,1000,10114.657805
-1,1000,10118.640111
-2,1000,10122.494218
-2,1000,10126.357632
-1,1000,10130.210059
-1,1000,10134.094827
-1,1000,10138.03811
0,1000,10142.020249
-3,1000,10145.847283
-3,1000,10149.677894
-4,1000,10153.63901
-1,1000,10157.48818
0,1000,10161.250325
-2,1000,10165.039897
-3,1000,10168.975773
0,1000,10173.169213
-2,1000,10176.976894
-3,1000,10180.745299
-2,1000,10184.530106
-3,1000,10188.411168
-2,1000,10192.288014
-2,1000,10196.052562
-2,1000,10199.913192
-2,1000,10203.955697
-3,1000,10207.739536
-1,1000,10211.507149
-4,1000,10215.342475
0,1000,10219.194034
-1,1000,10223.089968
-2,1000,10226.911026
-2,1000,10230.839428
0,1000,10234.76123
-3,1000,10238.656386
-5,1000,10242.470125
-1,1000,10246.301937
0,1000,10250.276893
-3,1000,10254.140989
0,1000,10258.102748
0,1000,10262.163322
-1,1000,10265.992443
-3,1000,10269.820355
-3,1000,10273.697156
-1,1000,10277.515983
-2,1000,10281.398738
-2,1000,10285.20173
-2,1000,10288.993641
-4,1000,10293.045927
0,1000,10296.897112
-2,1000,10300.780251
-4,1000,10304.604341
-3,1000,10308.433223
-3,1000,10312.267901
-2,1000,10316.140009
-2,1000,10319.971977
-2,1000,10324.106039
-1,1000,10327.925158
-1,1000,10331.741352
-1,1000,10335.576279
-2,1000,10340.038011
-2,1000,10344.194983
-2,1000,10347.977238
-4,1000,10351.928099
-3,1000,10355.75904
-1,1000,10359.544906
-2,1000,10363.365121
-3,1000,10367.144244
-1,1000,10371.017467
-3,1000,10374.839019
-2,1000,10378.654088
-3,1000,10382.651206
0,1000,10386.531086
-3,1000,10390.31325
-1,1000,10394.175046
-2,1000,10397.954002
-1,1000,10401.782014
-3,1000,10405.625022
-4,1000,10409.488181
-2,1000,10413.502815
0,1000,10417.505324
-4,1000,10421.425893
-3,1000,10425.329976
-3,1000,10429.120021
-1,1000,10433.098334
-4,1000,10437.31408
-1,1000,10441.370616
-1,1000,10445.350299
-4,1000,10449.245109
-2,1000,10453.251096
-2,1000,10457.281175
-4,1000,10461.131059
-1,1000,10464.955089
-3,1000,10468.841105
-3,1000,10472.977038
0,1000,10476.841386
-1,1000,10480.670126
-1,1000,10484.490056
0,1000,10488.411664
1,1000,10492.202397
-1,1000,10496.19962
-2,1000,10500.080086
-5,1000,10504.148431
-3,1000,10507.926064
-1,1000,10511.827199
0,1000,10515.635126
-3,1000,10519.608175
-5,1000,10523.472279
0,1000,10527.298894
-1,1000,10531.213902
-3,1000,10535.268803
-2,1000,10539.064013
-2,1000,10542.989111
-1,1000,10546.934125
-4,1000,10550.889385
-1,1000,10554.776894
-2,1000,10558.613655
-3,1000,10562.648926
-4,1000,10566.603245
-2,1000,10570.404474
-1,1000,10574.208108
-3,1000,10578.113028
-3,1000,10581.96109
-2,1000,10585.921654
-2,1000,10589.795239
0,1000,10593.88907
-2,1000,10597.726112
-2,1000,10601.625882
-1,1000,10605.507401
-2,1000,10609.346002
-2,1000,10613.323972
-4,1000,10617.076231
-3,1000,10621.010273
-2,1000,10625.103415
-2,1000,10628.893185
-2,1000,10632.765501
-3,1000,10636.606608
-3,1000,10640.403599
-1,1000,10644.699084
0,1000,10648.987098
-2,1000,10653.058214
-3,1000,10656.975708
-2,1000,10660.842376
-1,1000,10664.680333
-3,1000,10668.535189
-3,1000,10672.356103
-2,1000,10676.264415
-1,1000,10680.125211
0,1000,10684.316468
-2,1000,10688.250162
-2,1000,10692.1242
-1,1000,10695.951292
-3,1000,10699.804185
-3,1000,10703.628184
-1,1000,10707.480004
-4,1000,10711.430304
0,1000,10715.39728
-1,1000,10719.389252
-1,1000,10723.212429
-1,1000,10727.179679
-1,1000,10731.077613
-2,1000,10734.904576
-4,1000,10738.7651
-1,1000,10742.826118
-2,1000,10746.786222
-3,1000,10750.665883
-1,1000,10754.437282
-1,1000,10758.373842
-2,1000,10762.284058
-3,1000,10766.104805
-1,1000,10769.957237
-2,1000,10774.082094
-4,1000,10777.970226
0,1000,10782.61129
-1,1000,10786.488074
-2,1000,10790.328191
-2,1000,10794.215364
-3,1000,10798.027103
-2,1000,10802.065085
-5,1000,10806.051991
-2,1000,10809.919069
-3,1000,10813.808239
-2,1000,10817.627879
-2,1000,10821.464374
-3,1000,10825.2839
-2,1000,10829.107141
0,1000,10833.172991
-1,1000,10837.112308
-1,1000,10840.981103
-3,1000,10844.899323
-3,1000,10848.786502
-3,1000,10852.651053
-3,1000,10856.542289
0,1000,10860.373516
-3,1000,10864.479465
-3,1000,10868.457276
-2,1000,10872.298898
0,1000,10876.170239
0,1000,10880.111272
0,1000,10883.964379
-3,1000,10887.847432
-4,1000,10891.908126
-3,1000,10895.904178
-2,1000,10899.746157
-3,1000,10903.583231
-4,1000,10907.515564
-2,1000,10911.33128
-2,1000,10915.194044
-2,1000,10919.133661
1,1000,10923.263062
-4,1000,10927.177059
-1,1000,10931.094142
-2,1000,10934.907575
-4,1000,10938.777367
-2,1000,10942.798985
-2,1000,10946.729361
-4,1000,10951.607199
-2,1000,10955.698578
-3,1000,10959.601303
0,1000,10963.497358
-2,1000,10967.429028
-1,1000,10971.333839
-1,1000,10975.19524
-1,1000,10979.0442
-3,1000,10983.206104
-1,1000,10987.050516
-2,1000,10990.958061
-1,1000,10994.781221
-3,1000,10998.639852
-1,1000,11002.454281
-3,1000,11006.270996
-3,1000,11010.141587
-4,1000,11014.23588
-1,1000,11018.232499
-3,1000,11022.184239
0,1000,11026.122736
-3,1000,11030.040407
-3,1000,11033.970982
-5,1000,11038.022164
-1,1000,11042.055991
-2,1000,11046.145249
-1,1000,11050.158764
-3,1000,11054.181078
-4,1000,11058.100179
-3,1000,11062.066517
-1,1000,11066.022151
-3,1000,11070.000392
-2,1000,11074.28655
0,1000,11078.098334
-1,1000,11081.935203
-3,1000,11085.86925
-3,1000,11089.799176
-2,1000,11093.653457
-2,1000,11097.601198
-2,1000,11101.592263
-1,1000,11105.580352
-5,1000,11109.501066
-3,1000,11113.440289
-2,1000,11117.329273
-4,1000,11121.199034
-5,1000,11125.053189
-2,1000,11128.978208
-2,1000,11133.18336
-3,1000,11137.123272
0,1000,11141.080057
-1,1000,11144.969459
-1,1000,11148.855997
-2,1000,11152.763968
-1,1000,11156.690879
-3,1000,11160.712709
0,1000,11164.894232
-1,1000,11168.730699
-3,1000,11172.579101
-5,1000,11176.536337
-1,1000,11180.565021
-2,1000,11184.401401
-1,1000,11188.226246
-1,1000,11192.292447
-2,1000,11196.299761
-3,1000,11200.381669
-1,1000,11204.214142
-2,1000,11208.137709
0,1000,11211.99795
-2,1000,11215.837333
-3,1000,11219.761161
-4,1000,11223.854784
-1,1000,11227.792009
-4,1000,11231.63623
-1,1000,11235.430249
-2,1000,11239.373811
-4,1000,11243.210227
-3,1000,11247.089538
-3,1000,11251.128052
0,1000,11256.35165
-2,1000,11261.960224
-2,1000,11266.535105
0,1000,11271.311422
-1,1000,11275.872606
-3,1000,11280.325731
-4,1000,11285.063114
-4,1000,11289.655819
-2,1000,11294.213334
-3,1000,11298.684256
0,1000,11302.893597
-2,1000,11306.754258
-2,1000,11310.68244
-2,1000,11314.811228
-1,1000,11318.954965
-1,1000,11322.870756
-3,1000,11326.706833
-4,1000,11330.608591
-6,1000,11334.434915
-3,1000,11338.261132
-1,1000,11342.273074
-2,1000,11346.193531
0,1000,11350.185208
-2,1000,11353.951233
-1,1000,11357.892032
-3,1000,11361.827507
-2,1000,11365.683187
-2,1000,11369.568996
-3,1000,11373.742774
-1,1000,11377.663442
-2,1000,11381.474915
-4,1000,11385.424569
0,1000,11389.316004
-2,1000,11393.143667
-3,1000,11397.174287
-2,1000,11401.040496
-5,1000,11404.988716
-3,1000,11408.819263
0,1000,11412.73737
-4,1000,11416.652063
-3,1000,11420.48322
-2,1000,11424.278483
-3,1000,11428.170073
-2,1000,11432.144226
-2,1000,11436.219449
-1,1000,11440.074218
-3,1000,11443.952447
-3,1000,11447.752803
-4,1000,11451.605026
0,1000,11455.398652
-1,1000,11459.222229
-2,1000,11463.265485
-2,1000,11467.099211
-1,1000,11470.938398
-3,1000,11474.744914
-1,1000,11478.683137
-2,1000,11482.518265
-2,1000,11486.360814
-3,1000,11490.209251
-2,1000,11494.572831
0,1000,11498.485864
-1,1000,11502.34349
-4,1000,11506.276301
-4,1000,11510.095676
-2,1000,11514.029367
-1,1000,11517.954443
-1,1000,11522.065404
-4,1000,11526.085026
-3,1000,11529.952537
-2,1000,11533.822184
1,1000,11537.71598
-3,1000,11541.68611
-2,1000,11545.565976
-3,1000,11549.456776
-2,1000,11553.76149
0,1000,11557.822826
-4,1000,11562.348666
-3,1000,11566.214492
-2,1000,11570.128343
-1,1000,11574.0055
-3,1000,11577.97225
-1,1000,11582.075081
-2,1000,11586.034396
-3,1000,11590.013609
-2,1000,11593.98998
-1,1000,11597.833348
-2,1000,11601.694584
-4,1000,11605.502689
-2,1000,11609.495698
-2,1000,11613.619399
-1,1000,11617.712468
-3,1000,11621.650955
-2,1000,11625.602719
-1,1000,11629.541656
-1,1000,11633.580006
-1,1000,11637.771742
-3,1000,11641.783539
-2,1000,11645.76978
-3,1000,11649.641891
-4,1000,11653.704036
0,1000,11657.699573
-2,1000,11661.660907
